{"cameraMode":{"drawMode":0,"name":"Shaded","section":"Shading Mode"},"sceneLighting":true,"audioPlay":false,"sceneViewState":{"showFog":false,"showMaterialUpdate":false,"showSkybox":false,"showFlares":false,"showImageEffects":false,"showParticleSystems":false},"in2DMode":false,"pivot":{"x":-6.394124507904053,"y":-5.429011344909668,"z":4.276899337768555},"rotation":{"x":0.2612645924091339,"y":-0.4243207573890686,"z":0.1293121874332428,"w":0.8573045134544373},"size":21.105562210083009,"orthographic":false}